{
    "model": "both",
    "gamma_shape": 2.0331446359044487,
    "gamma_rate": 0.0010173853761913378,
    "ln_meanlog": 7.3331290101308,
    "ln_sdlog": 0.7977009367520547,
    "aic_gamma": 848078.8943433388,
    "aic_lognorm": 852608.6025585957
}